Date;Name;ISIN;MarketCap;ESGScore;ESGGrade;EconomicSector;Index;RebalanceDate;HoldingPeriodEnd;Eligible;PortfolioSide;ESGRankWithinSide;Weight_RP;RP_NumAssets
2016-01-01;VONOVIA SE;DE000A1ML7J1;13304313481.0;23.7781;D+;Real Estate;DAX;2016-01-04;2016-12-30;True;Bottom;1;0.10065654956059913;10
2016-01-01;K S NA/d;DE000KSAG888;4520868000.0;37.923;C;Basic Materials;DAX;2016-01-04;2016-12-30;True;Bottom;2;0.07483449475733549;10
2016-01-01;FRESENIUS SE ORD;DE0005785604;35954589413.0;46.4804;C+;Healthcare;DAX;2016-01-04;2016-12-30;True;Bottom;3;0.09107041267644565;10
2016-01-01;BEIERSDORF ORD;DE0005200000;21208320000.0;56.1199;B-;Consumer Non-Cyclicals;DAX;2016-01-04;2016-12-30;True;Bottom;4;0.10183500998822839;10
2016-01-01;COMMERZBANK KONV;DE000CBK1001;11987567273.0;62.7912;B;Financials;DAX;2016-01-04;2016-12-30;True;Bottom;5;0.09170353144094397;10
2016-01-01;DT BOERSE N/d;DE0005810055;15708270000.0;66.311;B;Financials;DAX;2016-01-04;2016-12-30;True;Bottom;6;0.10127264412217456;10
2016-01-01;THYSSEN-KRUPP ORD;DE0007500001;7796319278.0;66.8004;B+;Basic Materials;DAX;2016-01-04;2016-12-30;True;Bottom;7;0.08396165196859971;10
2016-01-01;LUFTHANSA ORD;DE0008232125;6766003775.0;67.4013;B+;Industrials;DAX;2016-01-04;2016-12-30;True;Bottom;8;0.11273327681940958;10
2016-01-01;FRESENIUS MEDICAL CARE ORD;DE0005785802;24317644881.0;68.917;B+;Healthcare;DAX;2016-01-04;2016-12-30;True;Bottom;9;0.09528815987135246;10
2016-01-01;MUNICH RE ORD;DE0008430026;30791053003.0;69.8719;B+;Financials;DAX;2016-01-04;2016-12-30;True;Bottom;10;0.14664426879491105;10
2016-01-01;ADIDAS ORD;DE000A1EWWW0;18810627283.0;93.5041;A+;Consumer Cyclicals;DAX;2016-01-04;2016-12-30;True;Top;1;0.11623486020869772;10
2016-01-01;DAIMLER ORD;DE0007100000;69514882355.0;93.0302;A+;Consumer Cyclicals;DAX;2016-01-04;2016-12-30;True;Top;2;0.08011273470678762;10
2016-01-01;SAP SE ORD;DE0007164600;89655074229.0;90.5546;A;Technology;DAX;2016-01-04;2016-12-30;True;Top;3;0.12280747701170167;10
2016-01-01;ALLIANZ SE ORD;DE0008404005;74742350000.0;88.4617;A;Financials;DAX;2016-01-04;2016-12-30;True;Top;4;0.11561340950792287;10
2016-01-01;BASF SE ORD;DE000BASF111;64954813240.0;87.8951;A;Basic Materials;DAX;2016-01-04;2016-12-30;True;Top;5;0.09227360778987205;10
2016-01-01;BMW AG;DE0005190003;62991600687.0;85.8359;A;Consumer Cyclicals;DAX;2016-01-04;2016-12-30;True;Top;6;0.0821631919185574;10
2016-01-01;SIEMENS ORD;DE0007236101;71381461225.0;84.4989;A;Industrials;DAX;2016-01-04;2016-12-30;True;Top;7;0.11251200721206006;10
2016-01-01;CONTINENTAL ORD;DE0005439004;30530903705.0;80.687;A-;Consumer Cyclicals;DAX;2016-01-04;2016-12-30;True;Top;8;0.08865393995012041;10
2016-01-01;DEUTSCHE POST ORD;DE0005552004;31477021946.0;80.3586;A-;Industrials;DAX;2016-01-04;2016-12-30;True;Top;9;0.11202261931325044;10
2016-01-01;VOLKSWAGEN PRF;DE0007664039;69571259370.0;80.1807;A-;Consumer Cyclicals;DAX;2016-01-04;2016-12-30;True;Top;10;0.07760615238102982;10
2017-01-01;VONOVIA SE;DE000A1ML7J1;14401744743.0;35.7014;C;Real Estate;DAX;2017-01-02;2017-12-29;True;Bottom;1;0.1229192206449128;10
2017-01-01;FRESENIUS SE ORD;DE0005785604;40635693630.0;43.9065;C+;Healthcare;DAX;2017-01-02;2017-12-29;True;Bottom;2;0.09867736504282298;10
2017-01-01;BEIERSDORF ORD;DE0005200000;20311200000.0;54.0533;B-;Consumer Non-Cyclicals;DAX;2017-01-02;2017-12-29;True;Bottom;3;0.13229392925298547;10
2017-01-01;PROSIEBENSAT.1 MEDIA SE;DE000PSM7770;8530130000.0;59.2496;B;Consumer Cyclicals;DAX;2017-01-02;2017-12-29;True;Bottom;4;0.09533971994308756;10
2017-01-01;DT BOERSE ORD;DE000A2AA253;14749060000.0;69.3167;B+;Financials;DAX;2017-01-02;2017-12-29;True;Bottom;5;0.10453432972473471;10
2017-01-01;COMMERZBANK KONV;DE000CBK1001;9074583416.0;69.5858;B+;Financials;DAX;2017-01-02;2017-12-29;True;Bottom;6;0.06283150314335349;10
2017-01-01;MUNICH RE ORD;DE0008430026;28933332596.0;69.9596;B+;Financials;DAX;2017-01-02;2017-12-29;True;Bottom;7;0.10465795110279374;10
2017-01-01;RWE ST A ORD;DE0007037129;6483970387.0;72.2223;B+;Utilities;DAX;2017-01-02;2017-12-29;True;Bottom;8;0.06671409413367826;10
2017-01-01;HENKEL& KGAA PRF;DE0006048432;45891541301.0;72.2584;B+;Basic Materials;DAX;2017-01-02;2017-12-29;True;Bottom;9;0.1325821739592338;10
2017-01-01;LUFTHANSA ORD;DE0008232125;5752395248.0;72.4671;B+;Industrials;DAX;2017-01-02;2017-12-29;True;Bottom;10;0.0794497130523971;10
2017-01-01;DAIMLER ORD;DE0007100000;63368039298.0;92.2051;A+;Consumer Cyclicals;DAX;2017-01-02;2017-12-29;True;Top;1;0.08333963672158111;10
2017-01-01;SAP SE ORD;DE0007164600;101000000000.0;91.5597;A;Technology;DAX;2017-01-02;2017-12-29;True;Top;2;0.11925468322793871;10
2017-01-01;ADIDAS ORD;DE000A1EWWW0;31413810328.0;88.4181;A;Consumer Cyclicals;DAX;2017-01-02;2017-12-29;True;Top;3;0.14109250522879505;10
2017-01-01;BMW AG;DE0005190003;57411717316.0;87.0988;A;Consumer Cyclicals;DAX;2017-01-02;2017-12-29;True;Top;4;0.07488590068147875;10
2017-01-01;ALLIANZ SE ORD;DE0008404005;71749000000.0;86.6479;A;Financials;DAX;2017-01-02;2017-12-29;True;Top;5;0.09043435066965926;10
2017-01-01;CONTINENTAL ORD;DE0005439004;24976740357.0;84.4767;A;Consumer Cyclicals;DAX;2017-01-02;2017-12-29;True;Top;6;0.085581276473735;10
2017-01-01;BASF SE ORD;DE000BASF111;81110853467.0;83.7845;A;Basic Materials;DAX;2017-01-02;2017-12-29;True;Top;7;0.10292782431443416;10
2017-01-01;SIEMENS ORD;DE0007236101;89496948800.0;83.5155;A;Industrials;DAX;2017-01-02;2017-12-29;True;Top;8;0.10111265601202137;10
2017-01-01;BAYER AG;DE000BAY0017;81975339616.0;82.9239;A-;Healthcare;DAX;2017-01-02;2017-12-29;True;Top;9;0.10153348140940617;10
2017-01-01;DEUTSCHE POST ORD;DE0005552004;38760007606.0;82.871;A-;Industrials;DAX;2017-01-02;2017-12-29;True;Top;10;0.09983768526095045;10
2018-01-01;BEIERSDORF ORD;DE0005200000;24670800000.0;59.2129;B;Consumer Non-Cyclicals;DAX;2018-01-02;2018-12-31;True;Bottom;1;0.11555643733568409;10
2018-01-01;VONOVIA SE;DE000A1ML7J1;20078316368.0;60.3076;B;Real Estate;DAX;2018-01-02;2018-12-31;True;Bottom;2;0.15349538137284377;10
2018-01-01;FRESENIUS SE ORD;DE0005785604;36092159696.0;64.3046;B;Healthcare;DAX;2018-01-02;2018-12-31;True;Bottom;3;0.09750315542498757;10
2018-01-01;E.ON ORD;DE000ENAG999;19944158039.0;66.9292;B+;Utilities;DAX;2018-01-02;2018-12-31;True;Bottom;4;0.07999165137295662;10
2018-01-01;PROSIEBENSAT.1 MEDIA SE;DE000PSM7770;6688265000.0;68.2493;B+;Consumer Cyclicals;DAX;2018-01-02;2018-12-31;True;Bottom;5;0.08864253052481355;10
2018-01-01;RWE ST A ORD;DE0007037129;9329453761.0;70.0248;B+;Utilities;DAX;2018-01-02;2018-12-31;True;Bottom;6;0.06159672124282003;10
2018-01-01;THYSSEN-KRUPP ORD;DE0007500001;11323154511.0;71.426;B+;Basic Materials;DAX;2018-01-02;2018-12-31;True;Bottom;7;0.08575426661359874;10
2018-01-01;HENKEL& KGAA PRF;DE0006048432;45639860756.0;71.8511;B+;Basic Materials;DAX;2018-01-02;2018-12-31;True;Bottom;8;0.10762380035759404;10
2018-01-01;DT BOERSE N;DE0005810055;18682400000.0;72.1851;B+;Financials;DAX;2018-01-02;2018-12-31;True;Bottom;9;0.1272932997064843;10
2018-01-01;LUFTHANSA ORD;DE0008232125;14477090128.0;72.7059;B+;Industrials;DAX;2018-01-02;2018-12-31;True;Bottom;10;0.08254275604821731;10
2018-01-01;SAP SE ORD;DE0007164600;114000000000.0;93.7259;A+;Technology;DAX;2018-01-02;2018-12-31;True;Top;1;0.11111594949491484;10
2018-01-01;DAIMLER ORD;DE0007100000;63439722686.0;91.0398;A;Consumer Cyclicals;DAX;2018-01-02;2018-12-31;True;Top;2;0.11426443259339589;10
2018-01-01;MUNICH RE ORD;DE0008430026;28021294371.0;86.1277;A;Financials;DAX;2018-01-02;2018-12-31;True;Top;3;0.11727253284392097;10
2018-01-01;ALLIANZ SE ORD;DE0008404005;84307807209.0;86.0753;A;Financials;DAX;2018-01-02;2018-12-31;True;Top;4;0.10596474123562304;10
2018-01-01;ADIDAS ORD;DE000A1EWWW0;34970485490.0;85.9114;A;Consumer Cyclicals;DAX;2018-01-02;2018-12-31;True;Top;5;0.09360148234507001;10
2018-01-01;BAYER AG;DE000BAY0017;86002575917.0;84.8656;A;Healthcare;DAX;2018-01-02;2018-12-31;True;Top;6;0.0985567420827989;10
2018-01-01;BASF SE ORD;DE000BASF111;84261235388.0;84.5268;A;Basic Materials;DAX;2018-01-02;2018-12-31;True;Top;7;0.09066322137185262;10
2018-01-01;CONTINENTAL ORD;DE0005439004;30598886138.0;83.9153;A;Consumer Cyclicals;DAX;2018-01-02;2018-12-31;True;Top;8;0.09948251979799076;10
2018-01-01;BMW AG;DE0005190003;56384981983.0;83.6821;A;Consumer Cyclicals;DAX;2018-01-02;2018-12-31;True;Top;9;0.09795602620143054;10
2018-01-01;INFINEON TECHNOLOGIES ORD;DE0006231004;25948161749.0;82.9913;A-;Technology;DAX;2018-01-02;2018-12-31;True;Top;10;0.07112235203300253;10
2019-01-01;WIRECARD ORD;DE0007472060;16298300793.0;31.5278;C-;Industrials;DAX;2019-01-02;2019-12-31;True;Bottom;1;0.05414588930409655;10
2019-01-01;BEIERSDORF ORD;DE0005200000;22972320000.0;60.9378;B;Consumer Non-Cyclicals;DAX;2019-01-02;2019-12-31;True;Bottom;2;0.1424362392725129;10
2019-01-01;RWE ST A ORD;DE0007037129;10919013389.0;67.9465;B+;Utilities;DAX;2019-01-02;2019-12-31;True;Bottom;3;0.08865642565730661;10
2019-01-01;THYSSEN-KRUPP ORD;DE0007500001;7004784423.0;70.5769;B+;Basic Materials;DAX;2019-01-02;2019-12-31;True;Bottom;4;0.08398173072437974;10
2019-01-01;HENKEL& KGAA PRF;DE0006048432;39274234556.0;70.6218;B+;Basic Materials;DAX;2019-01-02;2019-12-31;True;Bottom;5;0.12188359402275036;10
2019-01-01;DT BOERSE N;DE0005810055;19940500000.0;73.1658;B+;Financials;DAX;2019-01-02;2019-12-31;True;Bottom;6;0.12434220993912923;10
2019-01-01;VONOVIA SE;DE000A1ML7J1;20510698766.0;73.3984;B+;Real Estate;DAX;2019-01-02;2019-12-31;True;Bottom;7;0.12651295806500013;10
2019-01-01;COVESTRO ORD;DE0006062144;7892790000.0;73.9519;B+;Basic Materials;DAX;2019-01-02;2019-12-31;True;Bottom;8;0.06952885575824944;10
2019-01-01;E.ON ORD;DE000ENAG999;18988881073.0;74.4683;B+;Utilities;DAX;2019-01-02;2019-12-31;True;Bottom;9;0.1104157023307078;10
2019-01-01;FRESENIUS SE ORD;DE0005785604;23572822027.0;75.1372;A-;Healthcare;DAX;2019-01-02;2019-12-31;True;Bottom;10;0.07809639492586741;10
2019-01-01;ALLIANZ SE ORD;DE0008404005;74339865028.0;94.8834;A+;Financials;DAX;2019-01-02;2019-12-31;True;Top;1;0.09638383415371776;10
2019-01-01;DAIMLER ORD;DE0007100000;41137255782.0;93.6784;A+;Consumer Cyclicals;DAX;2019-01-02;2019-12-31;True;Top;2;0.09232185131903828;10
2019-01-01;SAP SE ORD;DE0007164600;106000000000.0;93.5594;A+;Technology;DAX;2019-01-02;2019-12-31;True;Top;3;0.09546166530238329;10
2019-01-01;BASF SE ORD;DE000BASF111;55476113118.0;90.1543;A;Basic Materials;DAX;2019-01-02;2019-12-31;True;Top;4;0.08839174860274393;10
2019-01-01;BAYER AG;DE000BAY0017;56475346940.0;89.7331;A;Healthcare;DAX;2019-01-02;2019-12-31;True;Top;5;0.08021711361694946;10
2019-01-01;ADIDAS ORD;DE000A1EWWW0;36555912326.0;86.2059;A;Consumer Cyclicals;DAX;2019-01-02;2019-12-31;True;Top;6;0.08691195847714278;10
2019-01-01;MUNICH RE ORD;DE0008430026;28494556792.0;85.6971;A;Financials;DAX;2019-01-02;2019-12-31;True;Top;7;0.11847889334333757;10
2019-01-01;LINDE PLC ORD;IE000S9YS762;74973396989.0;85.4764;A;Basic Materials;DAX;2019-01-02;2019-12-31;True;Top;8;0.13233716485649413;10
2019-01-01;MERCK ORD;DE0006599905;39121313462.0;85.0224;A;Healthcare;DAX;2019-01-02;2019-12-31;True;Top;9;0.11217331163619863;10
2019-01-01;SIEMENS ORD;DE0007236101;74616548750.0;83.3937;A;Industrials;DAX;2019-01-02;2019-12-31;True;Top;10;0.09732245869199395;10
2020-01-01;WIRECARD ORD;DE0007472060;13332726729.0;27.4035;C-;Industrials;DAX;2020-01-02;2020-12-31;True;Bottom;1;0.04146005396140188;10
2020-01-01;BEIERSDORF ORD;DE0005200000;26875800000.0;64.5257;B;Consumer Non-Cyclicals;DAX;2020-01-02;2020-12-31;True;Bottom;2;0.12580680509611344;10
2020-01-01;RWE ST A ORD;DE0007037129;16813289398.0;65.4525;B;Utilities;DAX;2020-01-02;2020-12-31;True;Bottom;3;0.09849374542749859;10
2020-01-01;LUFTHANSA ORD;DE0008232125;7847164427.0;71.0515;B+;Industrials;DAX;2020-01-02;2020-12-31;True;Bottom;4;0.08369904056246769;10
2020-01-01;VONOVIA SE;DE000A1ML7J1;26029124679.0;72.7996;B+;Real Estate;DAX;2020-01-02;2020-12-31;True;Bottom;5;0.1353973410614209;10
2020-01-01;E.ON ORD;DE000ENAG999;25155920251.0;73.4225;B+;Utilities;DAX;2020-01-02;2020-12-31;True;Bottom;6;0.13915474714846796;10
2020-01-01;DEUTSCHE BOERSE AG ORD;DE0005810055;26628500000.0;74.2471;B+;Financials;DAX;2020-01-02;2020-12-31;True;Bottom;7;0.10754788340869842;10
2020-01-01;COVESTRO ORD;DE0006062144;7563390000.0;74.2806;B+;Basic Materials;DAX;2020-01-02;2020-12-31;True;Bottom;8;0.07082057806906181;10
2020-01-01;HEIDELBGCEMENT ORD;DE0006047004;12889134346.0;75.7116;A-;Basic Materials;DAX;2020-01-02;2020-12-31;True;Bottom;9;0.09741673977372799;10
2020-01-01;HENKEL& KGAA PRF;DE0006048432;38249470575.0;75.9373;A-;Basic Materials;DAX;2020-01-02;2020-12-31;True;Bottom;10;0.10020306549114136;10
2020-01-01;SAP SE ORD;DE0007164600;147000000000.0;94.243;A+;Technology;DAX;2020-01-02;2020-12-31;True;Top;1;0.09576972530743189;10
2020-01-01;ALLIANZ SE ORD;DE0008404005;91110552406.0;93.7751;A+;Financials;DAX;2020-01-02;2020-12-31;True;Top;2;0.13384319381551577;10
2020-01-01;DAIMLER ORD;DE0007100000;44237558047.0;92.7205;A+;Consumer Cyclicals;DAX;2020-01-02;2020-12-31;True;Top;3;0.07233471004977485;10
2020-01-01;BASF SE ORD;DE000BASF111;61859540041.0;90.1139;A;Basic Materials;DAX;2020-01-02;2020-12-31;True;Top;4;0.08352261295035063;10
2020-01-01;BAYER AG;DE000BAY0017;71530297410.0;89.8762;A;Healthcare;DAX;2020-01-02;2020-12-31;True;Top;5;0.07511009421071797;10
2020-01-01;ADIDAS ORD;DE000A1EWWW0;58080610703.0;89.8096;A;Consumer Cyclicals;DAX;2020-01-02;2020-12-31;True;Top;6;0.10436613601302999;10
2020-01-01;BMW AG;DE0005190003;47160473721.0;87.4807;A;Consumer Cyclicals;DAX;2020-01-02;2020-12-31;True;Top;7;0.0892322623102399;10
2020-01-01;VOLKSWAGEN PRF;DE0007664039;87465958595.0;86.8302;A;Consumer Cyclicals;DAX;2020-01-02;2020-12-31;True;Top;8;0.08163714570123254;10
2020-01-01;DEUTSCHE POST ORD;DE0005552004;42053594874.0;86.2508;A;Industrials;DAX;2020-01-02;2020-12-31;True;Top;9;0.10444473696728442;10
2020-01-01;MERCK ORD;DE0006599905;45803849447.0;85.6945;A;Healthcare;DAX;2020-01-02;2020-12-31;True;Top;10;0.15973938267442217;10
2021-01-01;E.ON ORD;DE000ENAG999;23940913603.0;66.4716;B;Utilities;DAX;2021-01-04;2021-12-31;True;Bottom;1;0.12559920509584127;10
2021-01-01;BEIERSDORF ORD;DE0005200000;23798880000.0;66.982;B+;Consumer Non-Cyclicals;DAX;2021-01-04;2021-12-31;True;Bottom;2;0.1437351839585682;10
2021-01-01;RWE ST A ORD;DE0007037129;23376927059.0;67.4966;B+;Utilities;DAX;2021-01-04;2021-12-31;True;Bottom;3;0.09174631636826694;10
2021-01-01;DEUTSCHE BOERSE AG ORD;DE0005810055;26457500000.0;74.5788;B+;Financials;DAX;2021-01-04;2021-12-31;True;Bottom;4;0.1023725673497814;10
2021-01-01;INFINEON TECHNOLOGIES ORD;DE0006231004;40992864490.0;76.4556;A-;Technology;DAX;2021-01-04;2021-12-31;True;Bottom;5;0.06659884038024072;10
2021-01-01;CONTINENTAL ORD;DE0005439004;16485736356.0;77.7577;A-;Consumer Cyclicals;DAX;2021-01-04;2021-12-31;True;Bottom;6;0.06828266566111252;10
2021-01-01;HEIDELBGCEMENT ORD;DE0006047004;12147056722.0;81.1199;A-;Basic Materials;DAX;2021-01-04;2021-12-31;True;Bottom;7;0.07472390539183177;10
2021-01-01;FRESENIUS SE ORD;DE0005785604;21097347997.0;82.6721;A-;Healthcare;DAX;2021-01-04;2021-12-31;True;Bottom;8;0.08826412376722276;10
2021-01-01;HENKEL& KGAA PRF;DE0006048432;36929338106.0;82.876;A-;Basic Materials;DAX;2021-01-04;2021-12-31;True;Bottom;9;0.12431111386791653;10
2021-01-01;DEUTSCHE TELEKOM AG ORD;DE0005557508;71207613303.0;83.0746;A-;Technology;DAX;2021-01-04;2021-12-31;True;Bottom;10;0.11436607815921777;10
2021-01-01;SAP SE ORD;DE0007164600;131000000000.0;94.5184;A+;Technology;DAX;2021-01-04;2021-12-31;True;Top;1;0.11944807787080984;10
2021-01-01;ALLIANZ SE ORD;DE0008404005;82747230790.0;93.2874;A+;Financials;DAX;2021-01-04;2021-12-31;True;Top;2;0.08785262843411822;10
2021-01-01;DAIMLER ORD;DE0007100000;51782226107.0;93.1177;A+;Consumer Cyclicals;DAX;2021-01-04;2021-12-31;True;Top;3;0.0648767664175059;10
2021-01-01;BASF SE ORD;DE000BASF111;59443941076.0;91.926;A+;Basic Materials;DAX;2021-01-04;2021-12-31;True;Top;4;0.0919551241009114;10
2021-01-01;BAYER AG;DE000BAY0017;47308631669.0;89.9633;A;Healthcare;DAX;2021-01-04;2021-12-31;True;Top;5;0.10538170857390643;10
2021-01-01;MUNICH RE ORD;DE0008430026;34016020447.0;88.6884;A;Financials;DAX;2021-01-04;2021-12-31;True;Top;6;0.08569241490694822;10
2021-01-01;ADIDAS ORD;DE000A1EWWW0;59703981809.0;88.4878;A;Consumer Cyclicals;DAX;2021-01-04;2021-12-31;True;Top;7;0.10717513415826015;10
2021-01-01;VOLKSWAGEN PRF;DE0007664039;81624611969.0;87.8512;A;Consumer Cyclicals;DAX;2021-01-04;2021-12-31;True;Top;8;0.07259134129399443;10
2021-01-01;BMW AG;DE0005190003;46621188188.0;86.7145;A;Consumer Cyclicals;DAX;2021-01-04;2021-12-31;True;Top;9;0.0878891849637806;10
2021-01-01;VONOVIA SE;DE000A1ML7J1;33817413946.0;85.9634;A;Real Estate;DAX;2021-01-04;2021-12-31;True;Top;10;0.17713761927976487;10
2022-01-01;PORSCHE SE VZ PRF;DE000PAH0038;25553500000.0;9.0379;D;Consumer Cyclicals;DAX;2022-01-03;2022-12-30;True;Bottom;1;0.06806060703566193;10
2022-01-01;BRENNTAG ORD;DE000A1DAHH0;12295110000.0;56.1129;B-;Basic Materials;DAX;2022-01-03;2022-12-30;True;Bottom;2;0.11607396001219683;10
2022-01-01;HELLOFRESH SEORD;DE000A161408;11748061456.0;66.604;B;Consumer Non-Cyclicals;DAX;2022-01-03;2022-12-30;True;Bottom;3;0.05616782038037713;10
2022-01-01;E.ON ORD;DE000ENAG999;32202958810.0;67.6836;B+;Utilities;DAX;2022-01-03;2022-12-30;True;Bottom;4;0.13147736489295656;10
2022-01-01;RWE ST A ORD;DE0007037129;24154580115.0;68.3555;B+;Utilities;DAX;2022-01-03;2022-12-30;True;Bottom;5;0.08196687050134452;10
2022-01-01;BEIERSDORF ORD;DE0005200000;22775760000.0;68.91;B+;Consumer Non-Cyclicals;DAX;2022-01-03;2022-12-30;True;Bottom;6;0.15620608374201767;10
2022-01-01;ZALANDO ORD SHS;DE000ZAL1111;18639479258.0;70.736;B+;Technology;DAX;2022-01-03;2022-12-30;True;Bottom;7;0.0618482144476972;10
2022-01-01;SIEMENS HEALTHINEERS AG ORD;DE000SHL1006;74244960000.0;74.5668;B+;Healthcare;DAX;2022-01-03;2022-12-30;True;Bottom;8;0.11277838051334492;10
2022-01-01;CONTINENTAL ORD;DE0005439004;14157016894.0;74.8853;B+;Consumer Cyclicals;DAX;2022-01-03;2022-12-30;True;Bottom;9;0.0972430521349205;10
2022-01-01;DEUTSCHE BOERSE AG ORD;DE0005810055;27949000000.0;75.9843;A-;Financials;DAX;2022-01-03;2022-12-30;True;Bottom;10;0.11817764633948279;10
2022-01-01;SAP SE ORD;DE0007164600;153000000000.0;93.7388;A+;Technology;DAX;2022-01-03;2022-12-30;True;Top;1;0.10104058462386671;10
2022-01-01;BAYER AG;DE000BAY0017;46173931854.0;92.7449;A+;Healthcare;DAX;2022-01-03;2022-12-30;True;Top;2;0.0891264531034377;10
2022-01-01;DAIMLER AG ORD;DE0007100000;72310313043.0;91.7857;A+;Consumer Cyclicals;DAX;2022-01-03;2022-12-30;True;Top;3;0.07680769321933757;10
2022-01-01;ALLIANZ SE ORD;DE0008404005;84816277328.0;91.0608;A;Financials;DAX;2022-01-03;2022-12-30;True;Top;4;0.09938895891751791;10
2022-01-01;BASF SE ORD;DE000BASF111;56743613715.0;90.7225;A;Basic Materials;DAX;2022-01-03;2022-12-30;True;Top;5;0.08902812513257251;10
2022-01-01;ADIDAS ORD;DE000A1EWWW0;48639720000.0;89.8495;A;Consumer Cyclicals;DAX;2022-01-03;2022-12-30;True;Top;6;0.07693794538062174;10
2022-01-01;BMW AG;DE0005190003;57499180877.0;89.7912;A;Consumer Cyclicals;DAX;2022-01-03;2022-12-30;True;Top;7;0.07570879122064086;10
2022-01-01;MERCK ORD;DE0006599905;98694578306.0;86.5125;A;Healthcare;DAX;2022-01-03;2022-12-30;True;Top;8;0.16148256244906756;10
2022-01-01;DEUTSCHE TELEKOM AG ORD;DE0005557508;81279275115.0;86.4699;A;Technology;DAX;2022-01-03;2022-12-30;True;Top;9;0.10146350100292026;10
2022-01-01;FRESENIUS MEDICAL CARE ORD;DE0005785802;16742267930.0;86.1184;A;Healthcare;DAX;2022-01-03;2022-12-30;True;Top;10;0.12901538495001705;10
2023-01-01;PORSCHE SE VZ PRF;DE000PAH0038;15692250000.0;10.8454;D;Consumer Cyclicals;DAX;2023-01-02;2023-12-29;True;Bottom;1;0.07021725296800391;10
2023-01-01;BRENNTAG ORD;DE000A1DAHH0;9226740000.0;61.7025;B;Basic Materials;DAX;2023-01-02;2023-12-29;True;Bottom;2;0.08721783373340253;10
2023-01-01;RWE ST A ORD;DE0007037129;28123991796.0;62.1557;B;Utilities;DAX;2023-01-02;2023-12-29;True;Bottom;3;0.10573574728948652;10
2023-01-01;E.ON ORD;DE000ENAG999;24654069679.0;65.3219;B;Utilities;DAX;2023-01-02;2023-12-29;True;Bottom;4;0.10573927220622242;10
2023-01-01;BEIERSDORF ORD;DE0005200000;27014400000.0;66.2686;B;Consumer Non-Cyclicals;DAX;2023-01-02;2023-12-29;True;Bottom;5;0.14811300274887745;10
2023-01-01;ZALANDO ORD SHS;DE000ZAL1111;8725533660.0;68.2408;B+;Technology;DAX;2023-01-02;2023-12-29;True;Bottom;6;0.045958914766140266;10
2023-01-01;DEUTSCHE BOERSE AG ORD;DE0005810055;30666000000.0;72.0559;B+;Financials;DAX;2023-01-02;2023-12-29;True;Bottom;7;0.17498550938698093;10
2023-01-01;FRESENIUS SE ORD;DE0005785604;14784978521.0;73.0151;B+;Healthcare;DAX;2023-01-02;2023-12-29;True;Bottom;8;0.10706987542864159;10
2023-01-01;SIEMENS ENERGY AG ORD;DE000ENER6Y0;12770789267.0;73.818;B+;Energy;DAX;2023-01-02;2023-12-29;True;Bottom;9;0.07805620706822586;10
2023-01-01;DEUTSCHE POST ORD;DE0005552004;43590110009.0;74.0891;B+;Industrials;DAX;2023-01-02;2023-12-29;True;Bottom;10;0.07690638440401838;10
2023-01-01;BAYER AG;DE000BAY0017;47475643763.0;92.7709;A+;Healthcare;DAX;2023-01-02;2023-12-29;True;Top;1;0.11543245191900155;10
2023-01-01;BMW AG;DE0005190003;54919971826.0;92.3719;A+;Consumer Cyclicals;DAX;2023-01-02;2023-12-29;True;Top;2;0.08435694420126418;10
2023-01-01;MERCEDES-BENZ GROUP AG ORD;DE0007100000;65688019246.0;90.5796;A;Consumer Cyclicals;DAX;2023-01-02;2023-12-29;True;Top;3;0.07355993682614725;10
2023-01-01;BASF SE ORD;DE000BASF111;41465930156.0;90.1569;A;Basic Materials;DAX;2023-01-02;2023-12-29;True;Top;4;0.07627534257340003;10
2023-01-01;SAP SE ORD;DE0007164600;118000000000.0;89.5104;A;Technology;DAX;2023-01-02;2023-12-29;True;Top;5;0.11764439461397481;10
2023-01-01;ALLIANZ SE ORD;DE0008404005;81025781796.0;88.7551;A;Financials;DAX;2023-01-02;2023-12-29;True;Top;6;0.1062576384451894;10
2023-01-01;ADIDAS ORD;DE000A1EWWW0;22942800000.0;88.5579;A;Consumer Cyclicals;DAX;2023-01-02;2023-12-29;True;Top;7;0.06470000712723643;10
2023-01-01;MUNICH RE ORD;DE0008430026;42590075024.0;87.6418;A;Financials;DAX;2023-01-02;2023-12-29;True;Top;8;0.10546783191588913;10
2023-01-01;MERCK ORD;DE0006599905;78651318130.0;85.888;A;Healthcare;DAX;2023-01-02;2023-12-29;True;Top;9;0.10922790572103117;10
2023-01-01;DEUTSCHE TELEKOM AG ORD;DE0005557508;92937615312.0;85.7949;A;Technology;DAX;2023-01-02;2023-12-29;True;Top;10;0.1470775466568661;10
2024-01-01;PORSCHE SE VZ PRF;DE000PAH0038;14185500000.0;15.0518;D;Consumer Cyclicals;DAX;2024-01-02;2024-12-31;True;Bottom;1;0.08279352887241666;10
2024-01-01;RWE ST A ORD;DE0007037129;30631381316.0;62.529;B;Utilities;DAX;2024-01-02;2024-12-31;True;Bottom;2;0.12271495952334213;10
2024-01-01;E.ON ORD;DE000ENAG999;32092023420.0;64.0587;B;Utilities;DAX;2024-01-02;2024-12-31;True;Bottom;3;0.13082864167450287;10
2024-01-01;BEIERSDORF ORD;DE0005200000;34196400000.0;65.1492;B;Consumer Non-Cyclicals;DAX;2024-01-02;2024-12-31;True;Bottom;4;0.1806811968280625;10
2024-01-01;BRENNTAG ORD;DE000A1DAHH0;12271108315.0;68.1276;B+;Basic Materials;DAX;2024-01-02;2024-12-31;True;Bottom;5;0.09091673636204506;10
2024-01-01;DEUTSCHE BOERSE AG ORD;DE0005810055;35435000000.0;69.2581;B+;Financials;DAX;2024-01-02;2024-12-31;True;Bottom;6;0.12816573727591174;10
2024-01-01;ZALANDO ORD SHS;DE000ZAL1111;5657909893.0;73.7569;B+;Technology;DAX;2024-01-02;2024-12-31;True;Bottom;7;0.042299213881568695;10
2024-01-01;FRESENIUS SE ORD;DE0005785604;15810070365.0;73.8769;B+;Healthcare;DAX;2024-01-02;2024-12-31;True;Bottom;8;0.07594772787054753;10
2024-01-01;CONTINENTAL ORD;DE0005439004;11695389657.0;74.1118;B+;Consumer Cyclicals;DAX;2024-01-02;2024-12-31;True;Bottom;9;0.063013185058395;10
2024-01-01;DEUTSCHE POST ORD;DE0005552004;55578009791.0;74.6038;B+;Industrials;DAX;2024-01-02;2024-12-31;True;Bottom;10;0.08263907265320775;10
2024-01-01;BAYER AG;DE000BAY0017;33038921878.0;91.6657;A;Healthcare;DAX;2024-01-02;2024-12-31;True;Top;1;0.09878174612747416;10
2024-01-01;BMW AG;DE0005190003;63731698020.0;90.4872;A;Consumer Cyclicals;DAX;2024-01-02;2024-12-31;True;Top;2;0.09586912851535999;10
2024-01-01;ADIDAS ORD;DE000A1EWWW0;33148800000.0;90.1395;A;Consumer Cyclicals;DAX;2024-01-02;2024-12-31;True;Top;3;0.06726229959154972;10
2024-01-01;MERCEDES-BENZ GROUP AG ORD;DE0007100000;66918332310.0;89.7238;A;Consumer Cyclicals;DAX;2024-01-02;2024-12-31;True;Top;4;0.09504154995524357;10
2024-01-01;BASF SE ORD;DE000BASF111;43537231160.0;88.9027;A;Basic Materials;DAX;2024-01-02;2024-12-31;True;Top;5;0.08126869613684869;10
2024-01-01;SAP SE ORD;DE0007164600;171000000000.0;88.3434;A;Technology;DAX;2024-01-02;2024-12-31;True;Top;6;0.13119210974456116;10
2024-01-01;ALLIANZ SE ORD;DE0008404005;94776407937.0;87.434;A;Financials;DAX;2024-01-02;2024-12-31;True;Top;7;0.11712632081695029;10
2024-01-01;MUNICH RE ORD;DE0008430026;51189203065.0;86.131;A;Financials;DAX;2024-01-02;2024-12-31;True;Top;8;0.1622303129813346;10
2024-01-01;VONOVIA SE;DE000A1ML7J1;23249968243.0;85.0192;A;Real Estate;DAX;2024-01-02;2024-12-31;True;Top;9;0.06512343125996302;10
2024-01-01;SIEMENS ORD;DE0007236101;136000000000.0;84.6431;A;Industrials;DAX;2024-01-02;2024-12-31;True;Top;10;0.08610440487071475;10
2016-01-01;BERKSHIRE HATHWAY CL B ORD;US0846707026;325000000000.0;10.98;D;Consumer Non-Cyclicals;SP100;2016-01-04;2016-12-30;True;Bottom;1;0.14205574012955888;9
2016-01-01;THE PRICELINE GROUP INC;US09857L1089;63471961631.0;16.59;D;Consumer Cyclicals;SP100;2016-01-04;2016-12-30;True;Bottom;2;0.11251294085549424;9
2016-01-01;UNITEDHEALTH GRP ORD;US91324P1021;112000000000.0;24.64;D+;Healthcare;SP100;2016-01-04;2016-12-30;True;Bottom;3;0.11428911233868905;9
2016-01-01;KINDER MORGAN ORD;US49456B1017;33294199249.0;34.46;C;Energy;SP100;2016-01-04;2016-12-30;True;Bottom;5;0.1031163279352565;9
2016-01-01;FACEBOOK CL A ORD;US30303M1027;296000000000.0;35.68;C;Technology;SP100;2016-01-04;2016-12-30;True;Bottom;6;0.11372374489515803;9
2016-01-01;US ORD;US9029733048;74637385236.0;39.98;C;Financials;SP100;2016-01-04;2016-12-30;True;Bottom;7;0.1215178985938796;9
2016-01-01;DEVON ENERGY ORD;US25179M1036;12878661984.0;41.26;C;Energy;SP100;2016-01-04;2016-12-30;True;Bottom;8;0.07329232903637192;9
2016-01-01;TWENTY-FIRST CENTURY FOX INC CLASS A;US90130A3095;53541348295.0;41.83;C+;Consumer Cyclicals;SP100;2016-01-04;2016-12-30;True;Bottom;9;0.10974595310944463;9
2016-01-01;TWENTY-FIRST CENTURY FOX INC CLASS B;US90130A4085;53541348295.0;41.83;C+;Consumer Cyclicals;SP100;2016-01-04;2016-12-30;True;Bottom;10;0.10974595310614718;9
2016-01-01;MICROSOFT-T ORD;US5949181045;443000000000.0;92.39;A+;Technology;SP100;2016-01-04;2016-12-30;True;Top;1;0.07957491535956214;10
2016-01-01;INTEL-T ORD;US4581401001;163000000000.0;91.39;A;Technology;SP100;2016-01-04;2016-12-30;True;Top;2;0.0904342251049827;10
2016-01-01;JOHNSON&JOHNSON ORD;US4781601046;284000000000.0;89.87;A;Healthcare;SP100;2016-01-04;2016-12-30;True;Top;3;0.1257631663627878;10
2016-01-01;CVS HEALTH CORP;US1266501006;108000000000.0;87.61;A;Healthcare;SP100;2016-01-04;2016-12-30;True;Top;4;0.11399302360093319;10
2016-01-01;3M ORD;US88579Y1010;77546789674.0;86.51;A;Consumer Non-Cyclicals;SP100;2016-01-04;2016-12-30;True;Top;5;0.11128839976715216;10
2016-01-01;TEXAS INSTRUMENTS ORD;US8825081040;55599925612.0;84.79;A;Technology;SP100;2016-01-04;2016-12-30;True;Top;6;0.07685557675977203;10
2016-01-01;EXXON ORD;US30231G1022;325000000000.0;83.54;A;Energy;SP100;2016-01-04;2016-12-30;True;Top;7;0.09840374939932302;10
2016-01-01;GENERAL ELECTRIC ORD;US3696043013;188000000000.0;82.72;A-;Industrials;SP100;2016-01-04;2016-12-30;True;Top;8;0.09942694374461265;10
2016-01-01;CISCO-T ORD;US17275R1023;138000000000.0;82.48;A-;Technology;SP100;2016-01-04;2016-12-30;True;Top;9;0.0903850234134063;10
2016-01-01;ALLSTATE ORD;US0200021014;24047840468.0;82.38;A-;Financials;SP100;2016-01-04;2016-12-30;True;Top;10;0.11387497648746818;10
2017-01-01;BERKSHIRE HATHWAY CL B ORD;US0846707026;401000000000.0;16.47;D;Consumer Non-Cyclicals;SP100;2017-01-02;2017-12-29;True;Bottom;1;0.14422692989261066;10
2017-01-01;THE PRICELINE GROUP INC;US09857L1089;72342742428.0;18.91;D+;Consumer Cyclicals;SP100;2017-01-02;2017-12-29;True;Bottom;2;0.07293797244467844;10
2017-01-01;THE KRAFT HEINZ COMPANY;US5007541064;106000000000.0;25.71;C-;Consumer Non-Cyclicals;SP100;2017-01-02;2017-12-29;True;Bottom;3;0.13021242061665186;10
2017-01-01;FACEBOOK CL A ORD;US30303M1027;332000000000.0;35.16;C;Technology;SP100;2017-01-02;2017-12-29;True;Bottom;4;0.09337639077665587;10
2017-01-01;KINDER MORGAN ORD;US49456B1017;46232264115.0;40.57;C;Energy;SP100;2017-01-02;2017-12-29;True;Bottom;5;0.058654772497020655;10
2017-01-01;TWENTY-FIRST CENTURY FOX INC CLASS A;US90130A3095;51096099881.0;40.8;C;Consumer Cyclicals;SP100;2017-01-02;2017-12-29;True;Bottom;6;0.08656724211031025;10
2017-01-01;TWENTY-FIRST CENTURY FOX INC CLASS B;US90130A4085;51096099881.0;40.8;C;Consumer Cyclicals;SP100;2017-01-02;2017-12-29;True;Bottom;7;0.0865672421044254;10
2017-01-01;PAYPAL HOLDINGS ORD SHS WHEN ISSUED;US70450Y1038;47626314305.0;40.94;C;Industrials;SP100;2017-01-02;2017-12-29;True;Bottom;8;0.08386645525045539;10
2017-01-01;UNITEDHEALTH GRP ORD;US91324P1021;152000000000.0;41.29;C;Healthcare;SP100;2017-01-02;2017-12-29;True;Bottom;9;0.13557765360575402;10
2017-01-01;US ORD;US9029733048;87312375384.0;42.61;C+;Financials;SP100;2017-01-02;2017-12-29;True;Bottom;10;0.1080129207014375;10
2017-01-01;MICROSOFT-T ORD;US5949181045;483000000000.0;92.84;A+;Technology;SP100;2017-01-02;2017-12-29;True;Top;1;0.07340054755263235;10
2017-01-01;JOHNSON&JOHNSON ORD;US4781601046;313000000000.0;91.06;A;Healthcare;SP100;2017-01-02;2017-12-29;True;Top;2;0.1470977694639177;10
2017-01-01;INTEL-T ORD;US4581401001;172000000000.0;90.42;A;Technology;SP100;2017-01-02;2017-12-29;True;Top;3;0.07143850506055945;10
2017-01-01;3M ORD;US88579Y1010;89797678409.0;88.13;A;Consumer Non-Cyclicals;SP100;2017-01-02;2017-12-29;True;Top;4;0.11571571908467644;10
2017-01-01;TEXAS INSTRUMENTS ORD;US8825081040;72932473572.0;86.97;A;Technology;SP100;2017-01-02;2017-12-29;True;Top;5;0.07951830055483314;10
2017-01-01;ACCENTURE PLC-A ORD;IE00B4BNMY34;76126457854.0;86.85;A;Technology;SP100;2017-01-02;2017-12-29;True;Top;6;0.08193257746580528;10
2017-01-01;CISCO-T ORD;US17275R1023;152000000000.0;85.06;A;Technology;SP100;2017-01-02;2017-12-29;True;Top;7;0.08017287840914233;10
2017-01-01;TARGET ORD;US87612E1064;40571263365.0;84.45;A;Consumer Cyclicals;SP100;2017-01-02;2017-12-29;True;Top;8;0.10921066142409122;10
2017-01-01;GENERAL ELECTRIC ORD;US3696043013;167000000000.0;83.52;A;Industrials;SP100;2017-01-02;2017-12-29;True;Top;9;0.09621352331129698;10
2017-01-01;ALTRIA GROUP ORD;US02209S1033;132000000000.0;83.28;A-;Consumer Non-Cyclicals;SP100;2017-01-02;2017-12-29;True;Top;10;0.14529951767304522;10
2018-01-01;CHARTER COMMUNICATIONS INC(NEW);US16119P1084;93033120318.0;15.31;D;Technology;SP100;2018-01-02;2018-12-31;True;Bottom;1;0.06954097826719251;10
2018-01-01;THE PRICELINE GROUP INC;US09857L1089;84748790866.0;26.92;C-;Consumer Cyclicals;SP100;2018-01-02;2018-12-31;True;Bottom;2;0.09268039069870046;10
2018-01-01;BERKSHIRE HATHWAY CL B ORD;US0846707026;489000000000.0;40.51;C;Consumer Non-Cyclicals;SP100;2018-01-02;2018-12-31;True;Bottom;3;0.15016930754958052;10
2018-01-01;ORACLE SYS ORD;US68389X1054;196000000000.0;46.3;C+;Technology;SP100;2018-01-02;2018-12-31;True;Bottom;4;0.1292561431056399;10
2018-01-01;CELGENE ORD;US1510201049;82164394919.0;50.71;B-;Healthcare;SP100;2018-01-02;2018-12-31;True;Bottom;5;0.07441626905653723;10
2018-01-01;US ORD;US9029733048;88915536674.0;51.04;B-;Financials;SP100;2018-01-02;2018-12-31;True;Bottom;6;0.11355239340033224;10
2018-01-01;THE KRAFT HEINZ COMPANY;US5007541064;94748058927.0;51.37;B-;Consumer Non-Cyclicals;SP100;2018-01-02;2018-12-31;True;Bottom;7;0.136325634788928;10
2018-01-01;TWENTY-FIRST CENTURY FOX INC CLASS A;US90130A3095;63640460058.0;51.98;B-;Consumer Cyclicals;SP100;2018-01-02;2018-12-31;True;Bottom;8;0.061733607603571605;10
2018-01-01;TWENTY-FIRST CENTURY FOX INC CLASS B;US90130A4085;63640460058.0;51.98;B-;Consumer Cyclicals;SP100;2018-01-02;2018-12-31;True;Bottom;9;0.06173360759978577;10
2018-01-01;FACEBOOK CL A ORD;US30303M1027;513000000000.0;53.01;B-;Technology;SP100;2018-01-02;2018-12-31;True;Bottom;10;0.11059166792973185;10
2018-01-01;MICROSOFT-T ORD;US5949181045;660000000000.0;91.29;A;Technology;SP100;2018-01-02;2018-12-31;True;Top;1;0.10877876191672721;10
2018-01-01;INTEL-T ORD;US4581401001;216000000000.0;89.25;A;Technology;SP100;2018-01-02;2018-12-31;True;Top;2;0.08733163152010395;10
2018-01-01;3M ORD;US88579Y1010;117000000000.0;88.78;A;Consumer Non-Cyclicals;SP100;2018-01-02;2018-12-31;True;Top;3;0.1194436948534733;10
2018-01-01;CHEVRON TEXACO ORD;US1667641005;238000000000.0;88.1;A;Energy;SP100;2018-01-02;2018-12-31;True;Top;4;0.11858509784212845;10
2018-01-01;CITIGROUP ORD;US1729674242;197000000000.0;88.09;A;Financials;SP100;2018-01-02;2018-12-31;True;Top;5;0.07824429982619291;10
2018-01-01;COLGATE-PALMOLIVE CO ORD;US1941621039;66253039075.0;87.65;A;Consumer Non-Cyclicals;SP100;2018-01-02;2018-12-31;True;Top;6;0.11750530041770024;10
2018-01-01;JOHNSON&JOHNSON ORD;US4781601046;375000000000.0;87.29;A;Healthcare;SP100;2018-01-02;2018-12-31;True;Top;7;0.13902675138046247;10
2018-01-01;TARGET ORD;US87612E1064;35468115347.0;87.22;A;Consumer Cyclicals;SP100;2018-01-02;2018-12-31;True;Top;8;0.06083797568375614;10
2018-01-01;ALTRIA GROUP ORD;US02209S1033;136000000000.0;86.3;A;Consumer Non-Cyclicals;SP100;2018-01-02;2018-12-31;True;Top;9;0.1044309757109504;10
2018-01-01;GENERAL MOTORS ORD;US37045V1008;58222505884.0;84.94;A;Consumer Cyclicals;SP100;2018-01-02;2018-12-31;True;Top;10;0.06581551084850495;10
2019-01-01;CHARTER COMMUNICATIONS INC(NEW);US16119P1084;64219074381.0;20.36;D+;Technology;SP100;2019-01-02;2019-12-31;True;Bottom;1;0.09291193888587435;10
2019-01-01;NETFLIX ORD;US64110L1061;117000000000.0;20.91;D+;Technology;SP100;2019-01-02;2019-12-31;True;Bottom;2;0.05684167774813727;10
2019-01-01;BERKSHIRE HATHWAY CL B ORD;US0846707026;503000000000.0;33.78;C;Consumer Non-Cyclicals;SP100;2019-01-02;2019-12-31;True;Bottom;3;0.1029436602632852;10
2019-01-01;FACEBOOK CL A ORD;US30303M1027;377000000000.0;42.78;C+;Technology;SP100;2019-01-02;2019-12-31;True;Bottom;4;0.08282911985107298;10
2019-01-01;BOOKING HOLDINGS ORD;US09857L1089;79799005518.0;43.82;C+;Consumer Cyclicals;SP100;2019-01-02;2019-12-31;True;Bottom;5;0.10840385159916734;10
2019-01-01;THE KRAFT HEINZ COMPANY;US5007541064;52484474308.0;47.3;C+;Consumer Non-Cyclicals;SP100;2019-01-02;2019-12-31;True;Bottom;6;0.12460272539860033;10
2019-01-01;US ORD;US9029733048;73855445987.0;52.43;B-;Financials;SP100;2019-01-02;2019-12-31;True;Bottom;7;0.13151137472872398;10
2019-01-01;METLIFE ORD;US59156R1086;40519578627.0;54.96;B-;Financials;SP100;2019-01-02;2019-12-31;True;Bottom;8;0.09780331620756752;10
2019-01-01;ORACLE SYS ORD;US68389X1054;162000000000.0;55.39;B-;Technology;SP100;2019-01-02;2019-12-31;True;Bottom;9;0.10492886532425494;10
2019-01-01;COMCAST ORD;US20030N1019;144000000000.0;55.87;B-;Technology;SP100;2019-01-02;2019-12-31;True;Bottom;10;0.09722346999331616;10
2019-01-01;MICROSOFT-T ORD;US5949181045;780000000000.0;90.66;A;Technology;SP100;2019-01-02;2019-12-31;True;Top;1;0.0783970782097781;10
2019-01-01;GENERAL MOTORS ORD;US37045V1008;47211451524.0;88.99;A;Consumer Cyclicals;SP100;2019-01-02;2019-12-31;True;Top;2;0.09114349828008461;10
2019-01-01;COLGATE-PALMOLIVE CO ORD;US1941621039;51622881579.0;88.64;A;Consumer Non-Cyclicals;SP100;2019-01-02;2019-12-31;True;Top;3;0.1505596989683393;10
2019-01-01;ALTRIA GROUP ORD;US02209S1033;92559704617.0;88.44;A;Consumer Non-Cyclicals;SP100;2019-01-02;2019-12-31;True;Top;4;0.1199085863813116;10
2019-01-01;CITIGROUP ORD;US1729674242;127000000000.0;88.07;A;Financials;SP100;2019-01-02;2019-12-31;True;Top;5;0.09964046219931393;10
2019-01-01;3M ORD;US88579Y1010;91851728615.0;87.71;A;Consumer Non-Cyclicals;SP100;2019-01-02;2019-12-31;True;Top;6;0.09103587608801163;10
2019-01-01;TARGET ORD;US87612E1064;34487982822.0;87.71;A;Consumer Cyclicals;SP100;2019-01-02;2019-12-31;True;Top;7;0.10352201091891239;10
2019-01-01;INTEL-T ORD;US4581401001;214000000000.0;87.39;A;Technology;SP100;2019-01-02;2019-12-31;True;Top;8;0.07430652372962411;10
2019-01-01;PHILLIP MORRIS ORD;US7181721090;104000000000.0;87.01;A;Consumer Non-Cyclicals;SP100;2019-01-02;2019-12-31;True;Top;9;0.10936732355589715;10
2019-01-01;CISCO-T ORD;US17275R1023;195000000000.0;86.67;A;Technology;SP100;2019-01-02;2019-12-31;True;Top;10;0.0821189416687271;10
2020-01-01;CHARTER COMMUNICATIONS INC(NEW);US16119P1084;102000000000.0;19.14;D+;Technology;SP100;2020-01-02;2020-12-31;True;Bottom;1;0.11567395794034122;10
2020-01-01;NETFLIX ORD;US64110L1061;142000000000.0;21.4;D+;Technology;SP100;2020-01-02;2020-12-31;True;Bottom;2;0.07094021417112584;10
2020-01-01;BERKSHIRE HATHWAY CL B ORD;US0846707026;554000000000.0;27.68;C-;Consumer Non-Cyclicals;SP100;2020-01-02;2020-12-31;True;Bottom;3;0.12444962006716498;10
2020-01-01;FACEBOOK CL A ORD;US30303M1027;585000000000.0;48.56;C+;Technology;SP100;2020-01-02;2020-12-31;True;Bottom;4;0.08111761954517839;10
2020-01-01;BOOKING HOLDINGS ORD;US09857L1089;85060158956.0;48.61;C+;Consumer Cyclicals;SP100;2020-01-02;2020-12-31;True;Bottom;5;0.09259913359923834;10
2020-01-01;US ORD;US9029733048;92602629834.0;51.51;B-;Financials;SP100;2020-01-02;2020-12-31;True;Bottom;6;0.1182358530775429;10
2020-01-01;ORACLE SYS ORD;US68389X1054;170000000000.0;52.73;B-;Technology;SP100;2020-01-02;2020-12-31;True;Bottom;7;0.10111014940575676;10
2020-01-01;GENERAL DYNAMICS ORD;US3695501086;51019132146.0;54.14;B-;Industrials;SP100;2020-01-02;2020-12-31;True;Bottom;8;0.11469468794684343;10
2020-01-01;THE KRAFT HEINZ COMPANY;US5007541064;39235891556.0;54.62;B-;Consumer Non-Cyclicals;SP100;2020-01-02;2020-12-31;True;Bottom;9;0.09035282582652711;10
2020-01-01;METLIFE ORD;US59156R1086;46873605169.0;55.97;B-;Financials;SP100;2020-01-02;2020-12-31;True;Bottom;10;0.09082593842028092;10
2020-01-01;MICROSOFT-T ORD;US5949181045;1200000000000.0;93.14;A+;Technology;SP100;2020-01-02;2020-12-31;True;Top;1;0.1099609619926586;10
2020-01-01;TEXAS INSTRUMENTS ORD;US8825081040;120000000000.0;90.39;A;Technology;SP100;2020-01-02;2020-12-31;True;Top;2;0.08363766946621505;10
2020-01-01;3M ORD;US88579Y1010;84839965628.0;89.58;A;Consumer Non-Cyclicals;SP100;2020-01-02;2020-12-31;True;Top;3;0.09255491738933522;10
2020-01-01;ALTRIA GROUP ORD;US02209S1033;93238194114.0;88.78;A;Consumer Non-Cyclicals;SP100;2020-01-02;2020-12-31;True;Top;4;0.12469869382069763;10
2020-01-01;PHILLIP MORRIS ORD;US7181721090;132000000000.0;88.66;A;Consumer Non-Cyclicals;SP100;2020-01-02;2020-12-31;True;Top;5;0.12883579199762474;10
2020-01-01;INTEL-T ORD;US4581401001;260000000000.0;88.15;A;Technology;SP100;2020-01-02;2020-12-31;True;Top;6;0.08658850863859595;10
2020-01-01;CITIGROUP ORD;US1729674242;174000000000.0;87.87;A;Financials;SP100;2020-01-02;2020-12-31;True;Top;7;0.08375096226009708;10
2020-01-01;CISCO-T ORD;US17275R1023;203000000000.0;87.47;A;Technology;SP100;2020-01-02;2020-12-31;True;Top;8;0.09195209357734595;10
2020-01-01;AMAZON.COM INC ORD;US0231351067;916000000000.0;87.1;A;Consumer Cyclicals;SP100;2020-01-02;2020-12-31;True;Top;9;0.09983736884098643;10
2020-01-01;BK OF AMERICA CO ORD;US0605051046;317000000000.0;86.12;A;Financials;SP100;2020-01-02;2020-12-31;True;Top;10;0.09818303201644349;10
2021-01-01;CHARTER COMMUNICATIONS INC(NEW);US16119P1084;128000000000.0;23.75;D+;Technology;SP100;2021-01-04;2021-12-31;True;Bottom;1;0.13378767587066823;10
2021-01-01;BERKSHIRE HATHWAY CL B ORD;US0846707026;544000000000.0;25.2;C-;Consumer Non-Cyclicals;SP100;2021-01-04;2021-12-31;True;Bottom;2;0.11221048162454429;10
2021-01-01;NETFLIX ORD;US64110L1061;239000000000.0;33.1;C-;Technology;SP100;2021-01-04;2021-12-31;True;Bottom;3;0.1318082964185575;10
2021-01-01;BOOKING HOLDINGS ORD;US09857L1089;91217646850.0;46.71;C+;Consumer Cyclicals;SP100;2021-01-04;2021-12-31;True;Bottom;4;0.08651169759948685;10
2021-01-01;ORACLE SYS ORD;US68389X1054;190000000000.0;52.05;B-;Technology;SP100;2021-01-04;2021-12-31;True;Bottom;5;0.10385432263712556;10
2021-01-01;US ORD;US9029733048;70216145786.0;55.57;B-;Financials;SP100;2021-01-04;2021-12-31;True;Bottom;6;0.07461576237448159;10
2021-01-01;COMCAST ORD;US20030N1019;225000000000.0;57.31;B-;Technology;SP100;2021-01-04;2021-12-31;True;Bottom;7;0.10607906713653026;10
2021-01-01;SALESFORCE.COM ORD;US79466L3024;204000000000.0;60.87;B;Technology;SP100;2021-01-04;2021-12-31;True;Bottom;8;0.08908578746159941;10
2021-01-01;VISA INCORPORATION ORD;US92826C8394;511000000000.0;61.15;B;Industrials;SP100;2021-01-04;2021-12-31;True;Bottom;9;0.09252501314962808;10
2021-01-01;MORGAN STANLEY ORD;US6174464486;124000000000.0;61.28;B;Financials;SP100;2021-01-04;2021-12-31;True;Bottom;10;0.0695218957273782;10
2021-01-01;3M ORD;US88579Y1010;84295335461.0;93.14;A+;Consumer Non-Cyclicals;SP100;2021-01-04;2021-12-31;True;Top;1;0.11565288656248116;10
2021-01-01;MICROSOFT-T ORD;US5949181045;1680000000000.0;92.84;A+;Technology;SP100;2021-01-04;2021-12-31;True;Top;2;0.10128140587000403;10
2021-01-01;WALGREENS BOOTS ALLIANCE INC;US9314271084;34457980404.0;90.4;A;Consumer Non-Cyclicals;SP100;2021-01-04;2021-12-31;True;Top;3;0.10278076132366766;10
2021-01-01;ALTRIA GROUP ORD;US02209S1033;76195185765.0;89.84;A;Consumer Non-Cyclicals;SP100;2021-01-04;2021-12-31;True;Top;4;0.12248274511607044;10
2021-01-01;PHILLIP MORRIS ORD;US7181721090;129000000000.0;89.17;A;Consumer Non-Cyclicals;SP100;2021-01-04;2021-12-31;True;Top;5;0.10552024389641541;10
2021-01-01;INTEL-T ORD;US4581401001;204000000000.0;88.68;A;Technology;SP100;2021-01-04;2021-12-31;True;Top;6;0.08588857619385423;10
2021-01-01;CITIGROUP ORD;US1729674242;128000000000.0;88.35;A;Financials;SP100;2021-01-04;2021-12-31;True;Top;7;0.06276418691423274;10
2021-01-01;CISCO-T ORD;US17275R1023;189000000000.0;87.93;A;Technology;SP100;2021-01-04;2021-12-31;True;Top;8;0.09972933688446525;10
2021-01-01;PEPSICO U ORD;US7134481081;205000000000.0;87.49;A;Consumer Non-Cyclicals;SP100;2021-01-04;2021-12-31;True;Top;9;0.11514370752401366;10
2021-01-01;KINDER MORGAN ORD;US49456B1017;30946062927.0;87.32;A;Energy;SP100;2021-01-04;2021-12-31;True;Top;10;0.0887561497147954;10
2022-01-01;BERKSHIRE HATHWAY CL B ORD;US0846707026;669000000000.0;25.93;C-;Consumer Non-Cyclicals;SP100;2022-01-03;2022-12-30;True;Bottom;1;0.1244587278205376;10
2022-01-01;NETFLIX ORD;US64110L1061;267000000000.0;28.68;C-;Technology;SP100;2022-01-03;2022-12-30;True;Bottom;2;0.10900140402154077;10
2022-01-01;CHARTER COMMUNICATIONS INC(NEW);US16119P1084;113000000000.0;35.82;C;Technology;SP100;2022-01-03;2022-12-30;True;Bottom;3;0.11347726022462927;10
2022-01-01;ORACLE SYS ORD;US68389X1054;238000000000.0;53.59;B-;Technology;SP100;2022-01-03;2022-12-30;True;Bottom;4;0.10469215965486785;10
2022-01-01;US ORD;US9029733048;83288745629.0;55.55;B-;Financials;SP100;2022-01-03;2022-12-30;True;Bottom;5;0.08756439531085264;10
2022-01-01;AMERICAN INTERNATIONAL GROUP ORD;US0268747849;47210721991.0;57.34;B-;Financials;SP100;2022-01-03;2022-12-30;True;Bottom;6;0.07484538771797734;10
2022-01-01;BOOKING HOLDINGS ORD;US09857L1089;98520745117.0;58.27;B-;Consumer Cyclicals;SP100;2022-01-03;2022-12-30;True;Bottom;7;0.07036031448898698;10
2022-01-01;EXELON ORD;US30161N1019;40293730114.0;58.3;B-;Utilities;SP100;2022-01-03;2022-12-30;True;Bottom;8;0.12991756602656104;10
2022-01-01;T-MOBILE US INC;US8725901040;145000000000.0;58.6;B;Technology;SP100;2022-01-03;2022-12-30;True;Bottom;9;0.09549697569402889;10
2022-01-01;VISA INCORPORATION ORD;US92826C8394;456000000000.0;58.79;B;Industrials;SP100;2022-01-03;2022-12-30;True;Bottom;10;0.09018580904001762;10
2022-01-01;MICROSOFT-T ORD;US5949181045;2530000000000.0;93.23;A+;Technology;SP100;2022-01-03;2022-12-30;True;Top;1;0.10942994561151773;10
2022-01-01;COLGATE-PALMOLIVE CO ORD;US1941621039;71928707290.0;90.55;A;Consumer Non-Cyclicals;SP100;2022-01-03;2022-12-30;True;Top;2;0.13753204418704934;10
2022-01-01;DOW INC ORD;US2605571031;41950929449.0;89.95;A;Basic Materials;SP100;2022-01-03;2022-12-30;True;Top;3;0.06839487590863472;10
2022-01-01;JOHNSON&JOHNSON ORD;US4781601046;450000000000.0;89.92;A;Healthcare;SP100;2022-01-03;2022-12-30;True;Top;4;0.1334231413005784;10
2022-01-01;PEPSICO U ORD;US7134481081;240000000000.0;89.44;A;Consumer Non-Cyclicals;SP100;2022-01-03;2022-12-30;True;Top;5;0.12950428558892033;10
2022-01-01;3M ORD;US88579Y1010;84925916772.0;89.41;A;Consumer Non-Cyclicals;SP100;2022-01-03;2022-12-30;True;Top;6;0.09570882109162356;10
2022-01-01;WALGREENS BOOTS ALLIANCE INC;US9314271084;45028268928.0;88.35;A;Consumer Non-Cyclicals;SP100;2022-01-03;2022-12-30;True;Top;7;0.08026537525696954;10
2022-01-01;INTEL-T ORD;US4581401001;209000000000.0;88.01;A;Technology;SP100;2022-01-03;2022-12-30;True;Top;8;0.07157760510600736;10
2022-01-01;CISCO-T ORD;US17275R1023;267000000000.0;87.67;A;Technology;SP100;2022-01-03;2022-12-30;True;Top;9;0.08475423000247563;10
2022-01-01;THE GOLDMAN SACHS GROUP ORD;US38141G1040;128000000000.0;87.61;A;Financials;SP100;2022-01-03;2022-12-30;True;Top;10;0.0894096759462235;10
2023-01-01;BERKSHIRE HATHWAY CL B ORD;US0846707026;682000000000.0;25.41;C-;Consumer Non-Cyclicals;SP100;2023-01-02;2023-12-29;True;Bottom;1;0.11119063825291273;10
2023-01-01;NETFLIX ORD;US64110L1061;131000000000.0;28.12;C-;Technology;SP100;2023-01-02;2023-12-29;True;Bottom;2;0.05164831875229118;10
2023-01-01;CHARTER COMMUNICATIONS INC(NEW);US16119P1084;52788470487.0;36.34;C;Technology;SP100;2023-01-02;2023-12-29;True;Bottom;3;0.081299155399459;10
2023-01-01;CHARLES SCHWAB ORD;US8085131055;155000000000.0;43.7;C+;Financials;SP100;2023-01-02;2023-12-29;True;Bottom;4;0.08314999363927329;10
2023-01-01;ORACLE SYS ORD;US68389X1054;220000000000.0;48.33;C+;Technology;SP100;2023-01-02;2023-12-29;True;Bottom;5;0.09728523556500575;10
2023-01-01;PROCTERGAMBLE ORD;US7427181091;359000000000.0;57.6;B-;Consumer Non-Cyclicals;SP100;2023-01-02;2023-12-29;True;Bottom;6;0.14511911802234334;10
2023-01-01;EXELON CORP ORD;US30161N1019;42959467957.0;57.82;B-;Utilities;SP100;2023-01-02;2023-12-29;True;Bottom;7;0.116829733548951;10
2023-01-01;BOOKING HOLDINGS ORD;US09857L1089;78171477849.0;58.06;B-;Consumer Cyclicals;SP100;2023-01-02;2023-12-29;True;Bottom;8;0.07189593675944778;10
2023-01-01;T-MOBILE US INC;US8725901040;174000000000.0;58.6;B;Technology;SP100;2023-01-02;2023-12-29;True;Bottom;9;0.10430727327461094;10
2023-01-01;SOUTHERN ORD;US8425871071;77742126647.0;62.71;B;Utilities;SP100;2023-01-02;2023-12-29;True;Bottom;10;0.1372745967857051;10
2023-01-01;MICROSOFT-T ORD;US5949181045;1790000000000.0;92.74;A+;Technology;SP100;2023-01-02;2023-12-29;True;Top;1;0.07585508215754307;10
2023-01-01;WALGREENS BOOTS ALLIANCE INC;US9314271084;32223132777.0;91.87;A+;Consumer Non-Cyclicals;SP100;2023-01-02;2023-12-29;True;Top;2;0.0763024129110245;10
2023-01-01;DOW INC ORD;US2605571031;35462429565.0;91.72;A+;Basic Materials;SP100;2023-01-02;2023-12-29;True;Top;3;0.08723849838110988;10
2023-01-01;COLGATE-PALMOLIVE CO ORD;US1941621039;65806527606.0;91.44;A;Consumer Non-Cyclicals;SP100;2023-01-02;2023-12-29;True;Top;4;0.11367104163946809;10
2023-01-01;3M ORD;US88579Y1010;55419173156.0;91.35;A;Consumer Non-Cyclicals;SP100;2023-01-02;2023-12-29;True;Top;5;0.08647621395411183;10
2023-01-01;JOHNSON&JOHNSON ORD;US4781601046;462000000000.0;89.88;A;Healthcare;SP100;2023-01-02;2023-12-29;True;Top;6;0.14409869391019683;10
2023-01-01;ALTRIA GROUP ORD;US02209S1033;81920210369.0;88.86;A;Consumer Non-Cyclicals;SP100;2023-01-02;2023-12-29;True;Top;7;0.11054625127099033;10
2023-01-01;CVS HEALTH CORP;US1266501006;122000000000.0;88.13;A;Healthcare;SP100;2023-01-02;2023-12-29;True;Top;8;0.09133834712975378;10
2023-01-01;PEPSICO U ORD;US7134481081;249000000000.0;87.75;A;Consumer Non-Cyclicals;SP100;2023-01-02;2023-12-29;True;Top;9;0.11278863978443009;10
2023-01-01;PHILLIP MORRIS ORD;US7181721090;157000000000.0;87.74;A;Consumer Non-Cyclicals;SP100;2023-01-02;2023-12-29;True;Top;10;0.10168481886137157;10
2024-01-01;BERKSHIRE HATHWAY CL B ORD;US0846707026;777000000000.0;29.34;C-;Consumer Non-Cyclicals;SP100;2024-01-02;2024-12-31;True;Bottom;1;0.13080506021941896;10
2024-01-01;NETFLIX ORD;US64110L1061;213000000000.0;38.93;C;Technology;SP100;2024-01-02;2024-12-31;True;Bottom;2;0.06967788915743113;10
2024-01-01;CHARTER COMMUNICATIONS INC(NEW);US16119P1084;57493656762.0;40.17;C;Technology;SP100;2024-01-02;2024-12-31;True;Bottom;3;0.06575254589188546;10
2024-01-01;ORACLE SYS ORD;US68389X1054;290000000000.0;47.14;C+;Technology;SP100;2024-01-02;2024-12-31;True;Bottom;4;0.08117629692690928;10
2024-01-01;PROCTERGAMBLE ORD;US7427181091;345000000000.0;54.58;B-;Consumer Non-Cyclicals;SP100;2024-01-02;2024-12-31;True;Bottom;5;0.15525437741686005;10
2024-01-01;BOOKING HOLDINGS ORD;US09857L1089;124000000000.0;54.83;B-;Consumer Cyclicals;SP100;2024-01-02;2024-12-31;True;Bottom;6;0.09726458001347257;10
2024-01-01;CHARLES SCHWAB ORD;US8085131055;125000000000.0;54.91;B-;Financials;SP100;2024-01-02;2024-12-31;True;Bottom;7;0.0584759474226852;10
2024-01-01;SOUTHERN ORD;US8425871071;76474228752.0;57.01;B-;Utilities;SP100;2024-01-02;2024-12-31;True;Bottom;8;0.12564615034527885;10
2024-01-01;T-MOBILE US INC;US8725901040;185000000000.0;58.35;B;Technology;SP100;2024-01-02;2024-12-31;True;Bottom;9;0.13737073121504415;10
2024-01-01;SIMON PROPERTY GROUP REIT;US8288061091;46535930990.0;60.56;B;Real Estate;SP100;2024-01-02;2024-12-31;True;Bottom;10;0.0785764213910143;10
2024-01-01;COLGATE-PALMOLIVE CO ORD;US1941621039;65631002765.0;91.05;A;Consumer Non-Cyclicals;SP100;2024-01-02;2024-12-31;True;Top;1;0.1545984045255666;10
2024-01-01;INTEL-T ORD;US4581401001;212000000000.0;90.48;A;Technology;SP100;2024-01-02;2024-12-31;True;Top;2;0.06531585387384932;10
2024-01-01;ALTRIA GROUP ORD;US02209S1033;71347206829.0;89.34;A;Consumer Non-Cyclicals;SP100;2024-01-02;2024-12-31;True;Top;3;0.11977833015916282;10
2024-01-01;MICROSOFT-T ORD;US5949181045;2790000000000.0;89.0;A;Technology;SP100;2024-01-02;2024-12-31;True;Top;4;0.11425306915457788;10
2024-01-01;3M ORD;US88579Y1010;50481622072.0;88.98;A;Consumer Non-Cyclicals;SP100;2024-01-02;2024-12-31;True;Top;5;0.06632543290430012;10
2024-01-01;BK OF AMERICA CO ORD;US0605051046;266000000000.0;87.85;A;Financials;SP100;2024-01-02;2024-12-31;True;Top;6;0.06736147051486097;10
2024-01-01;JOHNSON&JOHNSON ORD;US4781601046;377000000000.0;87.55;A;Healthcare;SP100;2024-01-02;2024-12-31;True;Top;7;0.1460097095033687;10
2024-01-01;PHILLIP MORRIS ORD;US7181721090;146000000000.0;87.3;A;Consumer Non-Cyclicals;SP100;2024-01-02;2024-12-31;True;Top;8;0.11755794796587368;10
2024-01-01;THE GOLDMAN SACHS GROUP ORD;US38141G1040;126000000000.0;86.74;A;Financials;SP100;2024-01-02;2024-12-31;True;Top;9;0.07435682572300262;10
2024-01-01;CITIGROUP ORD;US1729674242;98450086634.0;86.6;A;Financials;SP100;2024-01-02;2024-12-31;True;Top;10;0.07444295567543734;10
